{"cameraMode":{"drawMode":0,"name":"Shaded","section":"Shading Mode"},"sceneLighting":false,"audioPlay":false,"sceneViewState":{"m_AlwaysRefresh":false,"showFog":true,"showSkybox":false,"showFlares":true,"showImageEffects":true,"showParticleSystems":true,"showVisualEffectGraphs":true,"m_FxEnabled":true},"in2DMode":false,"pivot":{"x":1.2699999809265137,"y":3.0000007152557375,"z":1.9500000476837159},"rotation":{"x":0.0371352918446064,"y":0.0500415563583374,"z":0.0018625555094331503,"w":-0.998059868812561},"size":1.2804328203201295,"orthographic":true}