{"cameraMode":{"drawMode":0,"name":"Shaded","section":"Shading Mode"},"sceneLighting":false,"audioPlay":false,"sceneViewState":{"m_AlwaysRefresh":false,"showFog":true,"showSkybox":false,"showFlares":true,"showImageEffects":true,"showParticleSystems":true,"showVisualEffectGraphs":true,"m_FxEnabled":true},"in2DMode":false,"pivot":{"x":17.571285247802736,"y":0.10511493682861328,"z":11.921368598937989},"rotation":{"x":0.3435268998146057,"y":-0.5287355184555054,"z":0.24693980813026429,"w":0.7358958125114441},"size":6.852524280548096,"orthographic":false}