{"cameraMode":{"drawMode":0,"name":"Shaded","section":"Shading Mode"},"sceneLighting":false,"audioPlay":false,"sceneViewState":{"m_AlwaysRefresh":false,"showFog":true,"showSkybox":false,"showFlares":true,"showImageEffects":true,"showParticleSystems":true,"showVisualEffectGraphs":true,"m_FxEnabled":true},"in2DMode":false,"pivot":{"x":-0.6706008911132813,"y":1.1243157386779786,"z":0.21898174285888673},"rotation":{"x":0.01918933540582657,"y":0.003596544498577714,"z":0.00007129803270800039,"w":-0.9998222589492798},"size":11.519730567932129,"orthographic":false}