{"cameraMode":{"drawMode":0,"name":"Shaded","section":"Shading Mode"},"sceneLighting":false,"audioPlay":false,"sceneViewState":{"m_AlwaysRefresh":false,"showFog":true,"showSkybox":false,"showFlares":true,"showImageEffects":true,"showParticleSystems":true,"showVisualEffectGraphs":true,"m_FxEnabled":true},"in2DMode":false,"pivot":{"x":1.7899999618530274,"y":3.8999996185302736,"z":-11.300000190734864},"rotation":{"x":0.12325078994035721,"y":-0.7875961065292358,"z":0.16736575961112977,"w":0.5800817012786865},"size":9.886115074157715,"orthographic":false}