{"cameraMode":{"drawMode":0,"name":"Shaded","section":"Shading Mode"},"sceneLighting":true,"audioPlay":false,"sceneViewState":{"m_AlwaysRefresh":false,"showFog":true,"showSkybox":true,"showFlares":true,"showImageEffects":true,"showParticleSystems":true,"showVisualEffectGraphs":true,"m_FxEnabled":true},"in2DMode":false,"pivot":{"x":-20.019804000854493,"y":-10.536436080932618,"z":-20.01127815246582},"rotation":{"x":0.06964842230081558,"y":-0.9055216312408447,"z":0.16365957260131837,"w":0.3852900564670563},"size":16.589893341064454,"orthographic":false}