{"cameraMode":{"drawMode":0,"name":"Shaded","section":"Shading Mode"},"sceneLighting":false,"audioPlay":false,"sceneViewState":{"m_AlwaysRefresh":false,"showFog":true,"showSkybox":false,"showFlares":true,"showImageEffects":true,"showParticleSystems":true,"showVisualEffectGraphs":true,"m_FxEnabled":true},"in2DMode":false,"pivot":{"x":3.759999990463257,"y":1.2200000286102296,"z":2.050210952758789},"rotation":{"x":0.0371352918446064,"y":0.0500415563583374,"z":0.0018625555094331503,"w":-0.998059868812561},"size":1.4253488779067994,"orthographic":true}